"id","name","first_name","age","password","email","tel","user_name"
1,"Lacroix","Matthieu",25,"Ailu2aes5ah","MatthieuLacroix@teleworm.us","02.68.38.35.04","Coulart1999"
2,"Arpin","Brice",34,"shohR2iTae","BriceArpin@gustr.com","01.06.48.38.73","Crent1989"
3,"Lafrenière","Pierpont",55,"Boo3Usaey","PierpontLafreniere@cuvox.de","03.92.08.36.25","Warchat"
4,"Champagne","Xarles",63,"Gie8amoaph","XarlesChampagne@armyspy.com","05.86.72.02.89","Fouslond"
5,"Coupart","Daisi",72,"HephuiN9qu","DaisiCoupart@dayrep.com","05.78.40.17.03","Movenciought"
6,"L'Hiver","Marine",23,"MiaPhic2","MarineLHiver@superrito.com","01.81.21.52.27","Whicily"
7,"Douffet","Virginie",24,"eoWo8iel","VirginieDouffet@superrito.com","01.21.09.73.92","Knotood"
8,"Louis","Brier",71,"Bahzoth2ah","BrierLouis@fleckens.hu","03.90.09.98.81","Haday1953"
9,"Pitre","Alfred",73,"Lie2eeloJ6ee","AlfredPitre@gustr.com","04.33.53.87.27","Fould1950"
10,"Lécuyer","Édouard",22,"Ohphainoo3","EdouardLecuyer@rhyta.com","01.59.14.73.29","Sarronever"
